id,transcript,ayah_assignment,confidence,transcript_split_by_ayahs,actual_ayahs
test-001,تعوذ بالله من الشيطان الرجيم بسم الله الرحمن الرحيم والتين والزيتون وطور سينين وهذا البلد الأمين,095001-095003,high,"[{""id"": ""095001"", ""transcript"": ""والتين والزيتون""}, {""id"": ""095002"", ""transcript"": ""وطور سينين""}, {""id"": ""095003"", ""transcript"": ""وهذا البلد الأمين""}]","[{""id"": ""095001"", ""type"": ""ayah"", ""ar"": ""وَالتِّينِ وَالزَّيْتُونِ"", ""clean"": """", ""en"": """"}, {""id"": ""095002"", ""type"": ""ayah"", ""ar"": ""وَطُورِ سِينِينَ"", ""clean"": """", ""en"": """"}, {""id"": ""095003"", ""type"": ""ayah"", ""ar"": ""وَهَـٰذَا الْبَلَدِ الْأَمِينِ"", ""clean"": """", ""en"": """"}]"
test-002,والتين والزيتون وطور سينين وهذا البلد الأمين لقد خلقنا الإنسان في أحسن تقويم ثم رددناه أسفل سافلين إلا الذين آمنوا وعملوا الصالحات فلهم أجر غير ممنون فما يكذبك بعد بالدين أليس الله بأحكم الحاكمين,095001-095007,high,"[{""id"": ""095001"", ""transcript"": ""والتين والزيتون""}, {""id"": ""095002"", ""transcript"": ""وطور سينين""}, {""id"": ""095003"", ""transcript"": ""وهذا البلد الأمين""}, {""id"": ""095004"", ""transcript"": ""لقد خلقنا الإنسان في أحسن تقويم""}, {""id"": ""095005"", ""transcript"": ""ثم رددناه أسفل سافلين""}, {""id"": ""095006"", ""transcript"": ""إلا الذين آمنوا وعملوا الصالحات فلهم أجر غير ممنون""}, {""id"": ""095007"", ""transcript"": ""فما يكذبك بعد بالدين""}]","[{""id"": ""095001"", ""type"": ""ayah"", ""ar"": ""وَالتِّينِ وَالزَّيْتُونِ"", ""clean"": """", ""en"": """"}, {""id"": ""095002"", ""type"": ""ayah"", ""ar"": ""وَطُورِ سِينِينَ"", ""clean"": """", ""en"": """"}, {""id"": ""095003"", ""type"": ""ayah"", ""ar"": ""وَهَـٰذَا الْبَلَدِ الْأَمِينِ"", ""clean"": """", ""en"": """"}, {""id"": ""095004"", ""type"": ""ayah"", ""ar"": ""لَقَدْ خَلَقْنَا الْإِنسَانَ فِي أَحْسَنِ تَقْوِيمٍ"", ""clean"": """", ""en"": """"}, {""id"": ""095005"", ""type"": ""ayah"", ""ar"": ""ثُمَّ رَدَدْنَاهُ أَسْفَلَ سَافِلِينَ"", ""clean"": """", ""en"": """"}, {""id"": ""095006"", ""type"": ""ayah"", ""ar"": ""إِلَّا الَّذِينَ آمَنُوا وَعَمِلُوا الصَّالِحَاتِ فَلَهُمْ أَجْرٌ غَيْرُ مَمْنُونٍ"", ""clean"": """", ""en"": """"}, {""id"": ""095007"", ""type"": ""ayah"", ""ar"": ""فَمَا يُكَذِّبُكَ بَعْدُ بِالدِّينِ"", ""clean"": """", ""en"": """"}]"
test-003,بسم الله الرحمن الرحيم قل هو الله أحد الله الصمد لم يلد ولم يولد ولم يكن له كفوا أحد,112001-112004,high,"[{""id"": ""112001"", ""transcript"": ""قل هو الله أحد""}, {""id"": ""112002"", ""transcript"": ""الله الصمد""}, {""id"": ""112003"", ""transcript"": ""لم يلد ولم يولد""}, {""id"": ""112004"", ""transcript"": ""ولم يكن له كفوا أحد""}]","[{""id"": ""112001"", ""type"": ""ayah"", ""ar"": ""قُلْ هُوَ اللَّهُ أَحَدٌ"", ""clean"": """", ""en"": ""Qul huwaLlaahu aĥad.""}, {""id"": ""112002"", ""type"": ""ayah"", ""ar"": ""اللَّهُ الصَّمَدُ"", ""clean"": """", ""en"": ""Allaahuṣ-ṣamad.""}, {""id"": ""112003"", ""type"": ""ayah"", ""ar"": ""لَمْ يَلِدْ وَلَمْ يُولَدْ"", ""clean"": """", ""en"": ""Lam yalid wa lam yoolad.""}, {""id"": ""112004"", ""type"": ""ayah"", ""ar"": ""وَلَمْ يَكُن لَّهُ كُفُوًا أَحَدٌ"", ""clean"": """", ""en"": ""Wa lam yakul-lahuu kufuwan aĥad.""}]"
test-004,أعوذ بالله من الشيطان الرجيم بسم الله الرحمن الرحيم حم والكتاب المبين إنا أنزلناه في ليلة مباركة إنا كنا منذرين فيها يفرق كل أمر حكيم أمرا من عندنا إنا كنا مرسلين رحمة من ربك إنه هو السميع العليم رب السماوات والأرض وما بينهما إن كنتم موقنين لا إله إلا هو يحيي ويميت ربكم ورب آبائكم الأولين بل هم في شك يلعبون فارتقب يوم تأتي السماء بدخان مبين يغش الناس هذا عذاب أليم ربنا اكشف عنا العذاب إنا مؤمنون أن لهم الذكر وقد جاءهم رسول مبين ثم تولوا عنه وقالوا معلم مجنون إنا كاشف العذاب قليلا إنكم عائدون يوم نبطش البطشة الكبرى إنا منتقمون ولقد فتن قبلهم قوم فرعون وجاءهم رسول كريم أن أنذروا إلى عباد الله إني لكم رسول أمين,044001-044018,high,"[{""id"": ""044001"", ""transcript"": ""حم""}, {""id"": ""044002"", ""transcript"": ""والكتاب المبين""}, {""id"": ""044003"", ""transcript"": ""إنا أنزلناه في ليلة مباركة إنا كنا منذرين""}, {""id"": ""044004"", ""transcript"": ""فيها يفرق كل أمر حكيم""}, {""id"": ""044005"", ""transcript"": ""أمرا من عندنا إنا كنا مرسلين""}, {""id"": ""044006"", ""transcript"": ""رحمة من ربك إنه هو السميع العليم""}, {""id"": ""044007"", ""transcript"": ""رب السماوات والأرض وما بينهما إن كنتم موقنين""}, {""id"": ""044008"", ""transcript"": ""لا إله إلا هو يحيي ويميت ربكم ورب آبائكم الأولين""}, {""id"": ""044009"", ""transcript"": ""بل هم في شك يلعبون""}, {""id"": ""044010"", ""transcript"": ""فارتقب يوم تأتي السماء بدخان مبين""}, {""id"": ""044011"", ""transcript"": ""يغش الناس هذا عذاب أليم""}, {""id"": ""044012"", ""transcript"": ""ربنا اكشف عنا العذاب إنا مؤمنون""}, {""id"": ""044013"", ""transcript"": ""أن لهم الذكر وقد جاءهم رسول مبين""}, {""id"": ""044014"", ""transcript"": ""ثم تولوا عنه وقالوا معلم مجنون""}, {""id"": ""044015"", ""transcript"": ""إنا كاشف العذاب قليلا إنكم عائدون""}, {""id"": ""044016"", ""transcript"": ""يوم نبطش البطشة الكبرى إنا منتقمون""}, {""id"": ""044017"", ""transcript"": ""ولقد فتن قبلهم قوم فرعون وجاءهم رسول كريم""}, {""id"": ""044018"", ""transcript"": ""أن أنذروا إلى عباد الله إني لكم رسول أمين""}]","[{""id"": ""044001"", ""type"": ""ayah"", ""ar"": ""حم"", ""clean"": """", ""en"": """"}, {""id"": ""044002"", ""type"": ""ayah"", ""ar"": ""وَالْكِتَابِ الْمُبِينِ"", ""clean"": """", ""en"": """"}, {""id"": ""044003"", ""type"": ""ayah"", ""ar"": ""إِنَّا أَنزَلْنَاهُ فِي لَيْلَةٍ مُّبَارَكَةٍ ۚ إِنَّا كُنَّا مُنذِرِينَ"", ""clean"": """", ""en"": """"}, {""id"": ""044004"", ""type"": ""ayah"", ""ar"": ""فِيهَا يُفْرَقُ كُلُّ أَمْرٍ حَكِيمٍ"", ""clean"": """", ""en"": """"}, {""id"": ""044005"", ""type"": ""ayah"", ""ar"": ""أَمْرًا مِّنْ عِندِنَا ۚ إِنَّا كُنَّا مُرْسِلِينَ"", ""clean"": """", ""en"": """"}, {""id"": ""044006"", ""type"": ""ayah"", ""ar"": ""رَحْمَةً مِّن رَّبِّكَ ۚ إِنَّهُ هُوَ السَّمِيعُ الْعَلِيمُ"", ""clean"": """", ""en"": """"}, {""id"": ""044007"", ""type"": ""ayah"", ""ar"": ""رَبِّ السَّمَاوَاتِ وَالْأَرْضِ وَمَا بَيْنَهُمَا ۖ إِن كُنتُم مُّوقِنِينَ"", ""clean"": """", ""en"": """"}, {""id"": ""044008"", ""type"": ""ayah"", ""ar"": ""لَا إِلَـٰهَ إِلَّا هُوَ يُحْيِي وَيُمِيتُ ۖ رَبُّكُمْ وَرَبُّ آبَائِكُمُ الْأَوَّلِينَ"", ""clean"": """", ""en"": """"}, {""id"": ""044009"", ""type"": ""ayah"", ""ar"": ""بَلْ هُمْ فِي شَكٍّ يَلْعَبُونَ"", ""clean"": """", ""en"": """"}, {""id"": ""044010"", ""type"": ""ayah"", ""ar"": ""فَارْتَقِبْ يَوْمَ تَأْتِي السَّمَاءُ بِدُخَانٍ مُّبِينٍ"", ""clean"": """", ""en"": """"}, {""id"": ""044011"", ""type"": ""ayah"", ""ar"": ""يَغْشَى النَّاسَ ۖ هَـٰذَا عَذَابٌ أَلِيمٌ"", ""clean"": """", ""en"": """"}, {""id"": ""044012"", ""type"": ""ayah"", ""ar"": ""رَّبَّنَا اكْشِفْ عَنَّا الْعَذَابَ إِنَّا مُؤْمِنُونَ"", ""clean"": """", ""en"": """"}, {""id"": ""044013"", ""type"": ""ayah"", ""ar"": ""أَنَّىٰ لَهُمُ الذِّكْرَىٰ وَقَدْ جَاءَهُمْ رَسُولٌ مُّبِينٌ"", ""clean"": """", ""en"": """"}, {""id"": ""044014"", ""type"": ""ayah"", ""ar"": ""ثُمَّ تَوَلَّوْا عَنْهُ وَقَالُوا مُعَلَّمٌ مَّجْنُونٌ"", ""clean"": """", ""en"": """"}, {""id"": ""044015"", ""type"": ""ayah"", ""ar"": ""إِنَّا كَاشِفُو الْعَذَابِ قَلِيلًا ۚ إِنَّكُمْ عَائِدُونَ"", ""clean"": """", ""en"": """"}, {""id"": ""044016"", ""type"": ""ayah"", ""ar"": ""يَوْمَ نَبْطِشُ الْبَطْشَةَ الْكُبْرَىٰ إِنَّا مُنتَقِمُونَ"", ""clean"": """", ""en"": """"}, {""id"": ""044017"", ""type"": ""ayah"", ""ar"": ""۞ وَلَقَدْ فَتَنَّا قَبْلَهُمْ قَوْمَ فِرْعَوْنَ وَجَاءَهُمْ رَسُولٌ كَرِيمٌ"", ""clean"": """", ""en"": """"}, {""id"": ""044018"", ""type"": ""ayah"", ""ar"": ""أَنْ أَدُّوا إِلَيَّ عِبَادَ اللَّهِ ۖ إِنِّي لَكُمْ رَسُولٌ أَمِينٌ"", ""clean"": """", ""en"": """"}]"
test-005,اعوذ بالله من الشيطان الرجيم ولقد اخترناهم على علم على العالمين وآتيناهم من الآيات ما فيه بلاء مبين إن هؤلاء ليقولون إن هي إلا موتتنا الأولى وما نحن بمنشرين فأتوا بآبائنا إن كنتم صادقين أهم خير أم قوم تبع والذين من قبلهم أهلكناهم إنهم كانوا مجرمين,044032-044037,high,"[{""id"": ""044032"", ""transcript"": ""ولقد اخترناهم على علم على العالمين""}, {""id"": ""044033"", ""transcript"": ""وآتيناهم من الآيات ما فيه بلاء مبين""}, {""id"": ""044034"", ""transcript"": ""إن هؤلاء ليقولون""}, {""id"": ""044035"", ""transcript"": ""إن هي إلا موتتنا الأولى وما نحن بمنشرين""}, {""id"": ""044036"", ""transcript"": ""فأتوا بآبائنا إن كنتم صادقين""}, {""id"": ""044037"", ""transcript"": ""أهم خير أم قوم تبع والذين من قبلهم أهلكناهم إنهم كانوا مجرمين""}]","[{""id"": ""044032"", ""type"": ""ayah"", ""ar"": ""وَلَقَدِ اخْتَرْنَاهُمْ عَلَىٰ عِلْمٍ عَلَى الْعَالَمِينَ"", ""clean"": """", ""en"": """"}, {""id"": ""044033"", ""type"": ""ayah"", ""ar"": ""وَآتَيْنَاهُم مِّنَ الْآيَاتِ مَا فِيهِ بَلَاءٌ مُّبِينٌ"", ""clean"": """", ""en"": """"}, {""id"": ""044034"", ""type"": ""ayah"", ""ar"": ""إِنَّ هَـٰؤُلَاءِ لَيَقُولُونَ"", ""clean"": """", ""en"": """"}, {""id"": ""044035"", ""type"": ""ayah"", ""ar"": ""إِنْ هِيَ إِلَّا مَوْتَتُنَا الْأُولَىٰ وَمَا نَحْنُ بِمُنشَرِينَ"", ""clean"": """", ""en"": """"}, {""id"": ""044036"", ""type"": ""ayah"", ""ar"": ""فَأْتُوا بِآبَائِنَا إِن كُنتُمْ صَادِقِينَ"", ""clean"": """", ""en"": """"}, {""id"": ""044037"", ""type"": ""ayah"", ""ar"": ""أَهُمْ خَيْرٌ أَمْ قَوْمُ تُبَّعٍ وَالَّذِينَ مِن قَبْلِهِمْ ۚ أَهْلَكْنَاهُمْ ۖ إِنَّهُمْ كَانُوا مُجْرِمِينَ"", ""clean"": """", ""en"": """"}]"
test-006,أعوذ بالله من الشيطان الرجيم بسم الله الرحمن الرحيم الحمد لله الذي أنزل على عبده الكتاب ولم يجعل له عوجا قيما لينذر بأسا شديدا من لدنه ويبشر المؤمنين الذين يعملون الصالحات أن لهم أجرا حسنا ماكثين فيه أبدا وينذر الذين قالوا اتخذ الله ولدا ما كان يأتيهم من علم من ربهم كبرت كلمة تخرج من أفواههم إن يقولون إلا كذبا فلعلك باخع نفسك على آثارهم إن لم يؤمنوا بهذا الحديث أسفا إنا جعلنا ما على الأرض زينة لها لنبلوهم أيهم أحسن عملا وإنا لجاعلون ما عليها صعيدا جرزا أم حسبت أن أصحاب الكهف والرقيم كانوا من آياتنا عجبا إذ أوى الفتية إلى الكهف فقالوا ربنا آتنا من لدنك رحمة وهيئ لنا من أمرنا رشدا,018001-018010,high,"[{""id"": ""018001"", ""transcript"": ""الحمد لله الذي أنزل على عبده الكتاب ولم يجعل له عوجا""}, {""id"": ""018002"", ""transcript"": ""قيما لينذر بأسا شديدا من لدنه ويبشر المؤمنين الذين يعملون الصالحات أن لهم أجرا حسنا""}, {""id"": ""018003"", ""transcript"": ""ماكثين فيه أبدا""}, {""id"": ""018004"", ""transcript"": ""وينذر الذين قالوا اتخذ الله ولدا""}, {""id"": ""018005"", ""transcript"": ""ما كان يأتيهم من علم من ربهم كبرت كلمة تخرج من أفواههم إن يقولون إلا كذبا""}, {""id"": ""018006"", ""transcript"": ""فلعلك باخع نفسك على آثارهم إن لم يؤمنوا بهذا الحديث أسفا""}, {""id"": ""018007"", ""transcript"": ""إنا جعلنا ما على الأرض زينة لها لنبلوهم أيهم أحسن عملا""}, {""id"": ""018008"", ""transcript"": ""وإنا لجاعلون ما عليها صعيدا جرزا""}, {""id"": ""018009"", ""transcript"": ""أم حسبت أن أصحاب الكهف والرقيم كانوا من آياتنا عجبا""}, {""id"": ""018010"", ""transcript"": ""إذ أوى الفتية إلى الكهف فقالوا ربنا آتنا من لدنك رحمة وهيئ لنا من أمرنا رشدا""}]","[{""id"": ""018001"", ""type"": ""ayah"", ""ar"": ""الْحَمْدُ لِلَّهِ الَّذِي أَنزَلَ عَلَىٰ عَبْدِهِ الْكِتَابَ وَلَمْ يَجْعَل لَّهُ عِوَجًا ۜ"", ""clean"": """", ""en"": """"}, {""id"": ""018002"", ""type"": ""ayah"", ""ar"": ""قَيِّمًا لِّيُنذِرَ بَأْسًا شَدِيدًا مِّن لَّدُنْهُ وَيُبَشِّرَ الْمُؤْمِنِينَ الَّذِينَ يَعْمَلُونَ الصَّالِحَاتِ أَنَّ لَهُمْ أَجْرًا حَسَنًا"", ""clean"": """", ""en"": """"}, {""id"": ""018003"", ""type"": ""ayah"", ""ar"": ""مَّاكِثِينَ فِيهِ أَبَدًا"", ""clean"": """", ""en"": """"}, {""id"": ""018004"", ""type"": ""ayah"", ""ar"": ""وَيُنذِرَ الَّذِينَ قَالُوا اتَّخَذَ اللَّهُ وَلَدًا"", ""clean"": """", ""en"": """"}, {""id"": ""018005"", ""type"": ""ayah"", ""ar"": ""مَّا لَهُم بِهِ مِنْ عِلْمٍ وَلَا لِآبَائِهِمْ ۚ كَبُرَتْ كَلِمَةً تَخْرُجُ مِنْ أَفْوَاهِهِمْ ۚ إِن يَقُولُونَ إِلَّا كَذِبًا"", ""clean"": """", ""en"": """"}, {""id"": ""018006"", ""type"": ""ayah"", ""ar"": ""فَلَعَلَّكَ بَاخِعٌ نَّفْسَكَ عَلَىٰ آثَارِهِمْ إِن لَّمْ يُؤْمِنُوا بِهَـٰذَا الْحَدِيثِ أَسَفًا"", ""clean"": """", ""en"": """"}, {""id"": ""018007"", ""type"": ""ayah"", ""ar"": ""إِنَّا جَعَلْنَا مَا عَلَى الْأَرْضِ زِينَةً لَّهَا لِنَبْلُوَهُمْ أَيُّهُمْ أَحْسَنُ عَمَلًا"", ""clean"": """", ""en"": """"}, {""id"": ""018008"", ""type"": ""ayah"", ""ar"": ""وَإِنَّا لَجَاعِلُونَ مَا عَلَيْهَا صَعِيدًا جُرُزًا"", ""clean"": """", ""en"": """"}, {""id"": ""018009"", ""type"": ""ayah"", ""ar"": ""أَمْ حَسِبْتَ أَنَّ أَصْحَابَ الْكَهْفِ وَالرَّقِيمِ كَانُوا مِنْ آيَاتِنَا عَجَبًا"", ""clean"": """", ""en"": """"}, {""id"": ""018010"", ""type"": ""ayah"", ""ar"": ""إِذْ أَوَى الْفِتْيَةُ إِلَى الْكَهْفِ فَقَالُوا رَبَّنَا آتِنَا مِن لَّدُنكَ رَحْمَةً وَهَيِّئْ لَنَا مِنْ أَمْرِنَا رَشَدًا"", ""clean"": """", ""en"": """"}]"
test-007,"Voilà toute ta mion, pour ton et des chiens.",non_quran,high,[],[]
test-008,وإذ قلنا ادخلوا هذه القرية فكلوا منها حيث شئتم رغدا وادخلوا الباب سجدا وقولوا حطة نغفر لكم خطاياكم وإذ قلنا ادخلوا هذه القرية وكلوا منها حيث شئتم رغدا وادخلوا الباب سجدا وقولوا حطة نغفر لكم خطاياكم وسنزيد المحسنين فبدل الذين ظلموا قولا غير الذي قيل لهم فأنزلنا على الذين ظلموا رجزا من السماء بما كانوا يفسقون وإذ استسقى موسى لقومه فقلنا اضرب بعصاك الحجر فانفجرت منه اثنتا عشرة عينا قد علم كل أناس مشربهم كلوا واشربوا من رزق الله ولا تعثوا في الأرض مفسدين وإذ قلتم يا موسى لن نصبر على طعام واحد فادع لنا ربك يخرج لنا مما تنبت الأرض من بقلها وقثائها وفومها وعدسها وبصلها قال أتستبدلون الذي هو أدنى بالذي هو خير اهبطوا مصرا فإن لكم ما سألتم وضربت عليهم الذلة والمسكنة وباؤوا بغضب من الله ذلك بأنهم كانوا يكفرون بآيات الله ويقتلون النبيين بغير الحق ذلك بما عصوا وكانوا يعتدون,002058-002061,high,"[{""id"": ""002058"", ""transcript"": ""وإذ قلنا ادخلوا هذه القرية فكلوا منها حيث شئتم رغدا وادخلوا الباب سجدا وقولوا حطة نغفر لكم خطاياكم وإذ قلنا ادخلوا هذه القرية وكلوا منها حيث شئتم رغدا وادخلوا الباب سجدا وقولوا حطة نغفر لكم خطاياكم وسنزيد المحسنين""}, {""id"": ""002059"", ""transcript"": ""فبدل الذين ظلموا قولا غير الذي قيل لهم فأنزلنا على الذين ظلموا رجزا من السماء بما كانوا يفسقون""}, {""id"": ""002060"", ""transcript"": ""وإذ استسقى موسى لقومه فقلنا اضرب بعصاك الحجر فانفجرت منه اثنتا عشرة عينا قد علم كل أناس مشربهم كلوا واشربوا من رزق الله ولا تعثوا في الأرض مفسدين""}, {""id"": ""002061"", ""transcript"": ""وإذ قلتم يا موسى لن نصبر على طعام واحد فادع لنا ربك يخرج لنا مما تنبت الأرض من بقلها وقثائها وفومها وعدسها وبصلها قال أتستبدلون الذي هو أدنى بالذي هو خير اهبطوا مصرا فإن لكم ما سألتم وضربت عليهم الذلة والمسكنة وباؤوا بغضب من الله ذلك بأنهم كانوا يكفرون بآيات الله ويقتلون النبيين بغير الحق ذلك بما عصوا وكانوا يعتدون""}]","[{""id"": ""002058"", ""type"": ""ayah"", ""ar"": ""وَإِذْ قُلْنَا ادْخُلُوا هَـٰذِهِ الْقَرْيَةَ فَكُلُوا مِنْهَا حَيْثُ شِئْتُمْ رَغَدًا وَادْخُلُوا الْبَابَ سُجَّدًا وَقُولُوا حِطَّةٌ نَّغْفِرْ لَكُمْ خَطَايَاكُمْ ۚ وَسَنَزِيدُ الْمُحْسِنِينَ"", ""clean"": """", ""en"": """"}, {""id"": ""002059"", ""type"": ""ayah"", ""ar"": ""فَبَدَّلَ الَّذِينَ ظَلَمُوا قَوْلًا غَيْرَ الَّذِي قِيلَ لَهُمْ فَأَنزَلْنَا عَلَى الَّذِينَ ظَلَمُوا رِجْزًا مِّنَ السَّمَاءِ بِمَا كَانُوا يَفْسُقُونَ"", ""clean"": """", ""en"": """"}, {""id"": ""002060"", ""type"": ""ayah"", ""ar"": ""۞ وَإِذِ اسْتَسْقَىٰ مُوسَىٰ لِقَوْمِهِ فَقُلْنَا اضْرِب بِّعَصَاكَ الْحَجَرَ ۖ فَانفَجَرَتْ مِنْهُ اثْنَتَا عَشْرَةَ عَيْنًا ۖ قَدْ عَلِمَ كُلُّ أُنَاسٍ مَّشْرَبَهُمْ ۖ كُلُوا وَاشْرَبُوا مِن رِّزْقِ اللَّهِ وَلَا تَعْثَوْا فِي الْأَرْضِ مُفْسِدِينَ"", ""clean"": """", ""en"": """"}, {""id"": ""002061"", ""type"": ""ayah"", ""ar"": ""وَإِذْ قُلْتُمْ يَا مُوسَىٰ لَن نَّصْبِرَ عَلَىٰ طَعَامٍ وَاحِدٍ فَادْعُ لَنَا رَبَّكَ يُخْرِجْ لَنَا مِمَّا تُنبِتُ الْأَرْضُ مِن بَقْلِهَا وَقِثَّائِهَا وَفُومِهَا وَعَدَسِهَا وَبَصَلِهَا ۖ قَالَ أَتَسْتَبْدِلُونَ الَّذِي هُوَ أَدْنَىٰ بِالَّذِي هُوَ خَيْرٌ ۚ اهْبِطُوا مِصْرًا فَإِنَّ لَكُم مَّا سَأَلْتُمْ ۗ وَضُرِبَتْ عَلَيْهِمُ الذِّلَّةُ وَالْمَسْكَنَةُ وَبَاءُوا بِغَضَبٍ مِّنَ اللَّهِ ۗ ذَٰلِكَ بِأَنَّهُمْ كَانُوا يَكْفُرُونَ بِآيَاتِ اللَّهِ وَيَقْتُلُونَ النَّبِيِّينَ بِغَيْرِ الْحَقِّ ۗ ذَٰلِكَ بِمَا عَصَوا وَّكَانُوا يَعْتَدُونَ"", ""clean"": """", ""en"": """"}]"
test-010,وإذ قلنا ادخلوا هذه القرية فكلوا منها حيث شئتم رغدا وادخلوا الباب سجدا وقولوا حطة نغفر لكم خطاياكم وإذ قلنا ادخلوا هذه القرية وكلوا منها حيث شئتم رغدا وادخلوا الباب سجدا وقولوا حطة نغفر لكم خطاياكم وسنزيد المحسنين فبدل الذين ظلموا قولا غير الذي قيل لهم فأنزلنا على الذين ظلموا رجزا من السماء بما كانوا يفسقون وإذ استسقى موسى لقومه فقلنا اضرب بعصاك الحجر فانفجرت منه اثنتا عشرة عينا قد علم كل أناس مشربهم كلوا واشربوا من رزق الله ولا تعثوا في الأرض مفسدين وإذ قلتم يا موسى لن نصبر على طعام واحد فادع لنا ربك يخرج لنا مما تنبت الأرض من بقلها وقثائها وفومها وعددها وبصلها قال أتستبدلون الذي هو أدنى بالذي هو خير اهبطوا مصرا فإن لكم ما سألتم وضربت عليهم الذلة والمسكنة وباءوا بغضب من الله ذلك بأنهم كانوا يكفرون بآيات الله ويقتلون النبيين بغير الحق ذلك بما عصوا وكانوا يعتدون,002058-002061,high,"[{""id"": ""002058"", ""transcript"": ""وإذ قلنا ادخلوا هذه القرية فكلوا منها حيث شئتم رغدا وادخلوا الباب سجدا وقولوا حطة نغفر لكم خطاياكم""}, {""id"": ""002058"", ""transcript"": ""وإذ قلنا ادخلوا هذه القرية وكلوا منها حيث شئتم رغدا وادخلوا الباب سجدا وقولوا حطة نغفر لكم خطاياكم وسنزيد المحسنين""}, {""id"": ""002059"", ""transcript"": ""فبدل الذين ظلموا قولا غير الذي قيل لهم فأنزلنا على الذين ظلموا رجزا من السماء بما كانوا يفسقون""}, {""id"": ""002060"", ""transcript"": ""وإذ استسقى موسى لقومه فقلنا اضرب بعصاك الحجر فانفجرت منه اثنتا عشرة عينا قد علم كل أناس مشربهم كلوا واشربوا من رزق الله ولا تعثوا في الأرض مفسدين""}, {""id"": ""002061"", ""transcript"": ""وإذ قلتم يا موسى لن نصبر على طعام واحد فادع لنا ربك يخرج لنا مما تنبت الأرض من بقلها وقثائها وفومها وعددها وبصلها قال أتستبدلون الذي هو أدنى بالذي هو خير اهبطوا مصرا فإن لكم ما سألتم وضربت عليهم الذلة والمسكنة وباءوا بغضب من الله ذلك بأنهم كانوا يكفرون بآيات الله ويقتلون النبيين بغير الحق ذلك بما عصوا وكانوا يعتدون""}]","[{""id"": ""002058"", ""type"": ""ayah"", ""ar"": ""وَإِذْ قُلْنَا ادْخُلُوا هَـٰذِهِ الْقَرْيَةَ فَكُلُوا مِنْهَا حَيْثُ شِئْتُمْ رَغَدًا وَادْخُلُوا الْبَابَ سُجَّدًا وَقُولُوا حِطَّةٌ نَّغْفِرْ لَكُمْ خَطَايَاكُمْ ۚ وَسَنَزِيدُ الْمُحْسِنِينَ"", ""clean"": """", ""en"": """"}, {""id"": ""002059"", ""type"": ""ayah"", ""ar"": ""فَبَدَّلَ الَّذِينَ ظَلَمُوا قَوْلًا غَيْرَ الَّذِي قِيلَ لَهُمْ فَأَنزَلْنَا عَلَى الَّذِينَ ظَلَمُوا رِجْزًا مِّنَ السَّمَاءِ بِمَا كَانُوا يَفْسُقُونَ"", ""clean"": """", ""en"": """"}, {""id"": ""002060"", ""type"": ""ayah"", ""ar"": ""۞ وَإِذِ اسْتَسْقَىٰ مُوسَىٰ لِقَوْمِهِ فَقُلْنَا اضْرِب بِّعَصَاكَ الْحَجَرَ ۖ فَانفَجَرَتْ مِنْهُ اثْنَتَا عَشْرَةَ عَيْنًا ۖ قَدْ عَلِمَ كُلُّ أُنَاسٍ مَّشْرَبَهُمْ ۖ كُلُوا وَاشْرَبُوا مِن رِّزْقِ اللَّهِ وَلَا تَعْثَوْا فِي الْأَرْضِ مُفْسِدِينَ"", ""clean"": """", ""en"": """"}, {""id"": ""002061"", ""type"": ""ayah"", ""ar"": ""وَإِذْ قُلْتُمْ يَا مُوسَىٰ لَن نَّصْبِرَ عَلَىٰ طَعَامٍ وَاحِدٍ فَادْعُ لَنَا رَبَّكَ يُخْرِجْ لَنَا مِمَّا تُنبِتُ الْأَرْضُ مِن بَقْلِهَا وَقِثَّائِهَا وَفُومِهَا وَعَدَسِهَا وَبَصَلِهَا ۖ قَالَ أَتَسْتَبْدِلُونَ الَّذِي هُوَ أَدْنَىٰ بِالَّذِي هُوَ خَيْرٌ ۚ اهْبِطُوا مِصْرًا فَإِنَّ لَكُم مَّا سَأَلْتُمْ ۗ وَضُرِبَتْ عَلَيْهِمُ الذِّلَّةُ وَالْمَسْكَنَةُ وَبَاءُوا بِغَضَبٍ مِّنَ اللَّهِ ۗ ذَٰلِكَ بِأَنَّهُمْ كَانُوا يَكْفُرُونَ بِآيَاتِ اللَّهِ وَيَقْتُلُونَ النَّبِيِّينَ بِغَيْرِ الْحَقِّ ۗ ذَٰلِكَ بِمَا عَصَوا وَّكَانُوا يَعْتَدُونَ"", ""clean"": """", ""en"": """"}]"
test-035,"Аудзубиллях мин аш-шайтанин ражим. Бисмилляхир-рахманир-рахим. Ваиз кулна дхулу хазихил кар’ята факулу минха хаису ши’тум рахадаw. Вадхулул-баб суджадаw. Вакулу хиттатунaghfir лкум хотояхикум. Ва саназиду л-мухсинин. Фа-баддалал-лизина заламу колан гайр-ал-олди куля л-кум. Фаанзальна аля л-лизина заламу ридзан мин ас-самаи бима кану яфсук.
Ва изи истасква Муса ли каумихи факул назбир альла тоамиян-вахидин. Фаджу насрилляхи вала та’фау фи-л-арди муфсидин. Ва изи гултум я Муса лан насабир ала тоамиян-вахидин. Фада’у лана раббака юхридж лана мин ма тулидут-арду мин баклиха ва кидзаайха ва фумиха ва адесиха ва басалиха. Кола атастабидилунал-лазиху адна бил-лазиху хайр. Ихбиту Мисрон фаинн-ла лкум ма саалтум. Вадугабат аляихимуззилла ва-л-maskana wabaau bi-ghadab min Allah. Zalika bannahum kanu yakfuruna bi-ayatillahi wa yaqtuluna-n-nabiyyina bighayri-l-haqq. Zalika bima asaw wa kanu ya`tadun.",002058-002061,medium,"[{""id"": ""002058"", ""transcript"": ""Ваиз кулна дхулу хазихил кар’ята факулу минха хаису ши’тум рахадаw. Вадхулул-баб суджадаw. Вакулу хиттатунaghfir лкум хотояхикум. Ва саназиду л-мухсинин.""}, {""id"": ""002059"", ""transcript"": ""Фа-баддалал-лизина заламу колан гайр-ал-олди куля л-кум. Фаанзальна аля л-лизина заламу ридзан мин ас-самаи бима кану яфсук.""}, {""id"": ""002060"", ""transcript"": ""Ва изи истасква Муса ли каумихи факул назбир альла тоамиян-вахидин. Фаджу насрилляхи вала та’фау фи-л-арди муфсидин.""}, {""id"": ""002061"", ""transcript"": ""Ва изи гултум я Муса лан насабир ала тоамиян-вахидин. Фада’у лана раббака юхридж лана мин ма тулидут-арду мин баклиха ва кидзаайха ва фумиха ва адесиха ва басалиха. Кола атастабидилунал-лазиху адна бил-лазиху хайр. Ихбиту Мисрон фаинн-ла лкум ма саалтум. Вадугабат аляихимуззилла ва-л-maskana wabaau bi-ghadab min Allah. Zalika bannahum kanu yakfuruna bi-ayatillahi wa yaqtuluna-n-nabiyyina bighayri-l-haqq. Zalika bima asaw wa kanu ya`tadun.""}]","[{""id"": ""002058"", ""type"": ""ayah"", ""ar"": ""وَإِذْ قُلْنَا ادْخُلُوا هَـٰذِهِ الْقَرْيَةَ فَكُلُوا مِنْهَا حَيْثُ شِئْتُمْ رَغَدًا وَادْخُلُوا الْبَابَ سُجَّدًا وَقُولُوا حِطَّةٌ نَّغْفِرْ لَكُمْ خَطَايَاكُمْ ۚ وَسَنَزِيدُ الْمُحْسِنِينَ"", ""clean"": """", ""en"": """"}, {""id"": ""002059"", ""type"": ""ayah"", ""ar"": ""فَبَدَّلَ الَّذِينَ ظَلَمُوا قَوْلًا غَيْرَ الَّذِي قِيلَ لَهُمْ فَأَنزَلْنَا عَلَى الَّذِينَ ظَلَمُوا رِجْزًا مِّنَ السَّمَاءِ بِمَا كَانُوا يَفْسُقُونَ"", ""clean"": """", ""en"": """"}, {""id"": ""002060"", ""type"": ""ayah"", ""ar"": ""۞ وَإِذِ اسْتَسْقَىٰ مُوسَىٰ لِقَوْمِهِ فَقُلْنَا اضْرِب بِّعَصَاكَ الْحَجَرَ ۖ فَانفَجَرَتْ مِنْهُ اثْنَتَا عَشْرَةَ عَيْنًا ۖ قَدْ عَلِمَ كُلُّ أُنَاسٍ مَّشْرَبَهُمْ ۖ كُلُوا وَاشْرَبُوا مِن رِّزْقِ اللَّهِ وَلَا تَعْثَوْا فِي الْأَرْضِ مُفْسِدِينَ"", ""clean"": """", ""en"": """"}, {""id"": ""002061"", ""type"": ""ayah"", ""ar"": ""وَإِذْ قُلْتُمْ يَا مُوسَىٰ لَن نَّصْبِرَ عَلَىٰ طَعَامٍ وَاحِدٍ فَادْعُ لَنَا رَبَّكَ يُخْرِجْ لَنَا مِمَّا تُنبِتُ الْأَرْضُ مِن بَقْلِهَا وَقِثَّائِهَا وَفُومِهَا وَعَدَسِهَا وَبَصَلِهَا ۖ قَالَ أَتَسْتَبْدِلُونَ الَّذِي هُوَ أَدْنَىٰ بِالَّذِي هُوَ خَيْرٌ ۚ اهْبِطُوا مِصْرًا فَإِنَّ لَكُم مَّا سَأَلْتُمْ ۗ وَضُرِبَتْ عَلَيْهِمُ الذِّلَّةُ وَالْمَسْكَنَةُ وَبَاءُوا بِغَضَبٍ مِّنَ اللَّهِ ۗ ذَٰلِكَ بِأَنَّهُمْ كَانُوا يَكْفُرُونَ بِآيَاتِ اللَّهِ وَيَقْتُلُونَ النَّبِيِّينَ بِغَيْرِ الْحَقِّ ۗ ذَٰلِكَ بِمَا عَصَوا وَّكَانُوا يَعْتَدُونَ"", ""clean"": """", ""en"": """"}]"
test-036,أعوذ بالله من الشيطان الرجيم بسم الله الرحمن الرحيم وإذ قلنا ادخلوا هذه القرية فكلوا منها حيث شئتم رغدا وادخلوا الباب سجدا وقولوا حطة نغفر لكم خطاياكم وسنزيد المحسنين فبدل الذين ظلموا قولا غير الذي قيل لهم فأنزلنا على الذين ظلموا رجزا من السماء بما كانوا يفسقون وإذ استسقى موسى لقومه فقلنا اضرب بعصاك الحجر فانفجرت منه اثنتا عشرة عينا قد علم كل أناس مشربهم كلوا واشربوا من رزق الله ولا تعثوا في الأرض مفسدين وإذ قلتم يا موسى لن نصبر على طعام واحد فادع لنا ربك يخرج لنا مما تنبت الأرض من بقلها وقثائها وفومها وعدسها وبصلها قال أتستبدلون الذي هو أدنى بالذي هو خير اهبطوا مصرا فإن لكم ما سألتم وضربت عليهم الذلة والمسكنة وباءوا بغضب من الله ذلك بأنهم كانوا يكفرون بآيات الله ويقتلون النبيين بغير الحق ذلك بما عصوا وكانوا يعتدون,002058-002061,high,"[{""id"": ""002058"", ""transcript"": ""وإذ قلنا ادخلوا هذه القرية فكلوا منها حيث شئتم رغدا وادخلوا الباب سجدا وقولوا حطة نغفر لكم خطاياكم وسنزيد المحسنين""}, {""id"": ""002059"", ""transcript"": ""فبدل الذين ظلموا قولا غير الذي قيل لهم فأنزلنا على الذين ظلموا رجزا من السماء بما كانوا يفسقون""}, {""id"": ""002060"", ""transcript"": ""وإذ استسقى موسى لقومه فقلنا اضرب بعصاك الحجر فانفجرت منه اثنتا عشرة عينا قد علم كل أناس مشربهم كلوا واشربوا من رزق الله ولا تعثوا في الأرض مفسدين""}, {""id"": ""002061"", ""transcript"": ""وإذ قلتم يا موسى لن نصبر على طعام واحد فادع لنا ربك يخرج لنا مما تنبت الأرض من بقلها وقثائها وفومها وعدسها وبصلها قال أتستبدلون الذي هو أدنى بالذي هو خير اهبطوا مصرا فإن لكم ما سألتم وضربت عليهم الذلة والمسكنة وباءوا بغضب من الله ذلك بأنهم كانوا يكفرون بآيات الله ويقتلون النبيين بغير الحق ذلك بما عصوا وكانوا يعتدون""}]","[{""id"": ""002058"", ""type"": ""ayah"", ""ar"": ""وَإِذْ قُلْنَا ادْخُلُوا هَـٰذِهِ الْقَرْيَةَ فَكُلُوا مِنْهَا حَيْثُ شِئْتُمْ رَغَدًا وَادْخُلُوا الْبَابَ سُجَّدًا وَقُولُوا حِطَّةٌ نَّغْفِرْ لَكُمْ خَطَايَاكُمْ ۚ وَسَنَزِيدُ الْمُحْسِنِينَ"", ""clean"": """", ""en"": """"}, {""id"": ""002059"", ""type"": ""ayah"", ""ar"": ""فَبَدَّلَ الَّذِينَ ظَلَمُوا قَوْلًا غَيْرَ الَّذِي قِيلَ لَهُمْ فَأَنزَلْنَا عَلَى الَّذِينَ ظَلَمُوا رِجْزًا مِّنَ السَّمَاءِ بِمَا كَانُوا يَفْسُقُونَ"", ""clean"": """", ""en"": """"}, {""id"": ""002060"", ""type"": ""ayah"", ""ar"": ""۞ وَإِذِ اسْتَسْقَىٰ مُوسَىٰ لِقَوْمِهِ فَقُلْنَا اضْرِب بِّعَصَاكَ الْحَجَرَ ۖ فَانفَجَرَتْ مِنْهُ اثْنَتَا عَشْرَةَ عَيْنًا ۖ قَدْ عَلِمَ كُلُّ أُنَاسٍ مَّشْرَبَهُمْ ۖ كُلُوا وَاشْرَبُوا مِن رِّزْقِ اللَّهِ وَلَا تَعْثَوْا فِي الْأَرْضِ مُفْسِدِينَ"", ""clean"": """", ""en"": """"}, {""id"": ""002061"", ""type"": ""ayah"", ""ar"": ""وَإِذْ قُلْتُمْ يَا مُوسَىٰ لَن نَّصْبِرَ عَلَىٰ طَعَامٍ وَاحِدٍ فَادْعُ لَنَا رَبَّكَ يُخْرِجْ لَنَا مِمَّا تُنبِتُ الْأَرْضُ مِن بَقْلِهَا وَقِثَّائِهَا وَفُومِهَا وَعَدَسِهَا وَبَصَلِهَا ۖ قَالَ أَتَسْتَبْدِلُونَ الَّذِي هُوَ أَدْنَىٰ بِالَّذِي هُوَ خَيْرٌ ۚ اهْبِطُوا مِصْرًا فَإِنَّ لَكُم مَّا سَأَلْتُمْ ۗ وَضُرِبَتْ عَلَيْهِمُ الذِّلَّةُ وَالْمَسْكَنَةُ وَبَاءُوا بِغَضَبٍ مِّنَ اللَّهِ ۗ ذَٰلِكَ بِأَنَّهُمْ كَانُوا يَكْفُرُونَ بِآيَاتِ اللَّهِ وَيَقْتُلُونَ النَّبِيِّينَ بِغَيْرِ الْحَقِّ ۗ ذَٰلِكَ بِمَا عَصَوا وَّكَانُوا يَعْتَدُونَ"", ""clean"": """", ""en"": """"}]"
test-054,أعوذ بالله من الشيطان الرجيم بسم الله الرحمن الرحيم يا أيها المزمل قم الليل إلا قليلا نصفه أو انقص منه قليلا أو زد عليه ورتل القرآن ترتيلا إن ناشئة الليل هي أشد وطأ وأقوم قيلا إن لك في النهار سبحا طويلا واذكر اسم ربك وتبتل إليه تبتيلا رب المشرق والمغرب لا إله إلا هو فاتخذه وكيلا واصبر على ما يقولون واهجرهم هجرا جميلا وذرني والمكذبين أولي النعمة ومهلهم قليلا إن لدينا أنكالا وجحيما وطعاما ذا غصة وعذابا أليما يوم ترجف الأرض والجبال وكانت الجبال كثيبا مهيلا إنا أرسلنا إليكم رسولا شاهدا عليكم كما أرسلنا إلى فرعون رسولا فعصى فرعون الرسول فأخذناه أخذا وبيلا فكيف تتقون إن كفرتم يوما يجعل الولدان شيبا السماء منفطر به كان وعده مفعولا إن هذه تذكرة فمن شاء اتخذ إلى ربه سبيلا,"073001,073002,073003,073004,073006,073007,073008,073009,073010,073011,073012,073013,073014,073015,073016,073017,073018,073019",high,"[{""id"": ""073001"", ""transcript"": ""يا أيها المزمل""}, {""id"": ""073002"", ""transcript"": ""قم الليل إلا قليلا""}, {""id"": ""073003"", ""transcript"": ""نصفه أو انقص منه قليلا""}, {""id"": ""073004"", ""transcript"": ""أو زد عليه ورتل القرآن ترتيلا""}, {""id"": ""073006"", ""transcript"": ""إن ناشئة الليل هي أشد وطأ وأقوم قيلا""}, {""id"": ""073007"", ""transcript"": ""إن لك في النهار سبحا طويلا""}, {""id"": ""073008"", ""transcript"": ""واذكر اسم ربك وتبتل إليه تبتيلا""}, {""id"": ""073009"", ""transcript"": ""رب المشرق والمغرب لا إله إلا هو فاتخذه وكيلا""}, {""id"": ""073010"", ""transcript"": ""واصبر على ما يقولون واهجرهم هجرا جميلا""}, {""id"": ""073011"", ""transcript"": ""وذرني والمكذبين أولي النعمة ومهلهم قليلا""}, {""id"": ""073012"", ""transcript"": ""إن لدينا أنكالا وجحيما""}, {""id"": ""073013"", ""transcript"": ""وطعاما ذا غصة وعذابا أليما""}, {""id"": ""073014"", ""transcript"": ""يوم ترجف الأرض والجبال وكانت الجبال كثيبا مهيلا""}, {""id"": ""073015"", ""transcript"": ""إنا أرسلنا إليكم رسولا شاهدا عليكم كما أرسلنا إلى فرعون رسولا""}, {""id"": ""073016"", ""transcript"": ""فعصى فرعون الرسول فأخذناه أخذا وبيلا""}, {""id"": ""073017"", ""transcript"": ""فكيف تتقون إن كفرتم يوما يجعل الولدان شيبا""}, {""id"": ""073018"", ""transcript"": ""السماء منفطر به كان وعده مفعولا""}, {""id"": ""073019"", ""transcript"": ""إن هذه تذكرة فمن شاء اتخذ إلى ربه سبيلا""}]","[{""id"": ""073001"", ""type"": ""ayah"", ""ar"": ""يَا أَيُّهَا الْمُزَّمِّلُ"", ""clean"": """", ""en"": """"}, {""id"": ""073002"", ""type"": ""ayah"", ""ar"": ""قُمِ اللَّيْلَ إِلَّا قَلِيلًا"", ""clean"": """", ""en"": """"}, {""id"": ""073003"", ""type"": ""ayah"", ""ar"": ""نِّصْفَهُ أَوِ انقُصْ مِنْهُ قَلِيلًا"", ""clean"": """", ""en"": """"}, {""id"": ""073004"", ""type"": ""ayah"", ""ar"": ""أَوْ زِدْ عَلَيْهِ وَرَتِّلِ الْقُرْآنَ تَرْتِيلًا"", ""clean"": """", ""en"": """"}, {""id"": ""073006"", ""type"": ""ayah"", ""ar"": ""إِنَّ نَاشِئَةَ اللَّيْلِ هِيَ أَشَدُّ وَطْئًا وَأَقْوَمُ قِيلًا"", ""clean"": """", ""en"": """"}, {""id"": ""073007"", ""type"": ""ayah"", ""ar"": ""إِنَّ لَكَ فِي النَّهَارِ سَبْحًا طَوِيلًا"", ""clean"": """", ""en"": """"}, {""id"": ""073008"", ""type"": ""ayah"", ""ar"": ""وَاذْكُرِ اسْمَ رَبِّكَ وَتَبَتَّلْ إِلَيْهِ تَبْتِيلًا"", ""clean"": """", ""en"": """"}, {""id"": ""073009"", ""type"": ""ayah"", ""ar"": ""رَّبُّ الْمَشْرِقِ وَالْمَغْرِبِ لَا إِلَـٰهَ إِلَّا هُوَ فَاتَّخِذْهُ وَكِيلًا"", ""clean"": """", ""en"": """"}, {""id"": ""073010"", ""type"": ""ayah"", ""ar"": ""وَاصْبِرْ عَلَىٰ مَا يَقُولُونَ وَاهْجُرْهُمْ هَجْرًا جَمِيلًا"", ""clean"": """", ""en"": """"}, {""id"": ""073011"", ""type"": ""ayah"", ""ar"": ""وَذَرْنِي وَالْمُكَذِّبِينَ أُولِي النَّعْمَةِ وَمَهِّلْهُمْ قَلِيلًا"", ""clean"": """", ""en"": """"}, {""id"": ""073012"", ""type"": ""ayah"", ""ar"": ""إِنَّ لَدَيْنَا أَنكَالًا وَجَحِيمًا"", ""clean"": """", ""en"": """"}, {""id"": ""073013"", ""type"": ""ayah"", ""ar"": ""وَطَعَامًا ذَا غُصَّةٍ وَعَذَابًا أَلِيمًا"", ""clean"": """", ""en"": """"}, {""id"": ""073014"", ""type"": ""ayah"", ""ar"": ""يَوْمَ تَرْجُفُ الْأَرْضُ وَالْجِبَالُ وَكَانَتِ الْجِبَالُ كَثِيبًا مَّهِيلًا"", ""clean"": """", ""en"": """"}, {""id"": ""073015"", ""type"": ""ayah"", ""ar"": ""إِنَّا أَرْسَلْنَا إِلَيْكُمْ رَسُولًا شَاهِدًا عَلَيْكُمْ كَمَا أَرْسَلْنَا إِلَىٰ فِرْعَوْنَ رَسُولًا"", ""clean"": """", ""en"": """"}, {""id"": ""073016"", ""type"": ""ayah"", ""ar"": ""فَعَصَىٰ فِرْعَوْنُ الرَّسُولَ فَأَخَذْنَاهُ أَخْذًا وَبِيلًا"", ""clean"": """", ""en"": """"}, {""id"": ""073017"", ""type"": ""ayah"", ""ar"": ""فَكَيْفَ تَتَّقُونَ إِن كَفَرْتُمْ يَوْمًا يَجْعَلُ الْوِلْدَانَ شِيبًا"", ""clean"": """", ""en"": """"}, {""id"": ""073018"", ""type"": ""ayah"", ""ar"": ""السَّمَاءُ مُنفَطِرٌ بِهِ ۚ كَانَ وَعْدُهُ مَفْعُولًا"", ""clean"": """", ""en"": """"}, {""id"": ""073019"", ""type"": ""ayah"", ""ar"": ""إِنَّ هَـٰذِهِ تَذْكِرَةٌ ۖ فَمَن شَاءَ اتَّخَذَ إِلَىٰ رَبِّهِ سَبِيلًا"", ""clean"": """", ""en"": """"}]"
test-088,ذهب الرجل إلى السوق.,non_quran,high,[],[]
train-001,قل هو الله أحد,112001,high,"[{""id"": ""112001"", ""transcript"": ""قل هو الله أحد""}]","[{""id"": ""112001"", ""type"": ""ayah"", ""ar"": ""قُلْ هُوَ اللَّهُ أَحَدٌ"", ""clean"": """", ""en"": ""Qul huwaLlaahu aĥad.""}]"
train-002,لا يقاتلونكم إلا في قرى محصنة أو من وراء جدر,059014,medium,"[{""id"": ""059014"", ""transcript"": ""لا يقاتلونكم إلا في قرى محصنة أو من وراء جدر""}]","[{""id"": ""059014"", ""type"": ""ayah"", ""ar"": ""لَا يُقَاتِلُونَكُمْ جَمِيعًا إِلَّا فِي قُرًى مُّحَصَّنَةٍ أَوْ مِن وَرَاءِ جُدُرٍ ۚ بَأْسُهُم بَيْنَهُمْ شَدِيدٌ ۚ تَحْسَبُهُمْ جَمِيعًا وَقُلُوبُهُمْ شَتَّىٰ ۚ ذَٰلِكَ بِأَنَّهُمْ قَوْمٌ لَّا يَعْقِلُونَ"", ""clean"": """", ""en"": """"}]"
train-003,لا يقاتلونكم إلا في قرى محصنة أو من وراء جدر بأسهم بينهم شديد تحسبهم جميعا وقلوبهم شتى ذلك بأنهم قوم لا يفقهون,059014,high,"[{""id"": ""059014"", ""transcript"": ""لا يقاتلونكم إلا في قرى محصنة أو من وراء جدر بأسهم بينهم شديد تحسبهم جميعا وقلوبهم شتى ذلك بأنهم قوم لا يفقهون""}]","[{""id"": ""059014"", ""type"": ""ayah"", ""ar"": ""لَا يُقَاتِلُونَكُمْ جَمِيعًا إِلَّا فِي قُرًى مُّحَصَّنَةٍ أَوْ مِن وَرَاءِ جُدُرٍ ۚ بَأْسُهُم بَيْنَهُمْ شَدِيدٌ ۚ تَحْسَبُهُمْ جَمِيعًا وَقُلُوبُهُمْ شَتَّىٰ ۚ ذَٰلِكَ بِأَنَّهُمْ قَوْمٌ لَّا يَعْقِلُونَ"", ""clean"": """", ""en"": """"}]"
train-004,وإني أعيدكم بسلطان مبين وإني عذت بربي وربكم أن ترجمون وإن لم تؤمنوا لي فاعتزلون فدعا ربه أن هؤلاء القوم مجرمون فأسر بعبادي ليلا إنكم متبعون واترك البحر رهوا إنهم جند مغرقون كم تركوا من جنات وعيون وزروع ومقام كريم ونعمة كانوا فيها فاكهين كذلك وأورثناها قوما آخرين فما بكت عليهم السماء والأرض وما كانوا منظرين,044019-044029,high,"[{""id"": ""044019"", ""transcript"": ""وإني أعيدكم بسلطان مبين""}, {""id"": ""044020"", ""transcript"": ""وإني عذت بربي وربكم أن ترجمون""}, {""id"": ""044021"", ""transcript"": ""وإن لم تؤمنوا لي فاعتزلون""}, {""id"": ""044022"", ""transcript"": ""فدعا ربه أن هؤلاء القوم مجرمون""}, {""id"": ""044023"", ""transcript"": ""فأسر بعبادي ليلا إنكم متبعون""}, {""id"": ""044024"", ""transcript"": ""واترك البحر رهوا إنهم جند مغرقون""}, {""id"": ""044025"", ""transcript"": ""كم تركوا من جنات وعيون""}, {""id"": ""044026"", ""transcript"": ""وزروع ومقام كريم""}, {""id"": ""044027"", ""transcript"": ""ونعمة كانوا فيها فاكهين""}, {""id"": ""044028"", ""transcript"": ""كذلك وأورثناها قوما آخرين""}, {""id"": ""044029"", ""transcript"": ""فما بكت عليهم السماء والأرض وما كانوا منظرين""}]","[{""id"": ""044019"", ""type"": ""ayah"", ""ar"": ""وَأَن لَّا تَعْلُوا عَلَى اللَّهِ ۖ إِنِّي آتِيكُم بِسُلْطَانٍ مُّبِينٍ"", ""clean"": """", ""en"": """"}, {""id"": ""044020"", ""type"": ""ayah"", ""ar"": ""وَإِنِّي عُذْتُ بِرَبِّي وَرَبِّكُمْ أَن تَرْجُمُونِ"", ""clean"": """", ""en"": """"}, {""id"": ""044021"", ""type"": ""ayah"", ""ar"": ""وَإِن لَّمْ تُؤْمِنُوا لِي فَاعْتَزِلُونِ"", ""clean"": """", ""en"": """"}, {""id"": ""044022"", ""type"": ""ayah"", ""ar"": ""فَدَعَا رَبَّهُ أَنَّ هَـٰؤُلَاءِ قَوْمٌ مُّجْرِمُونَ"", ""clean"": """", ""en"": """"}, {""id"": ""044023"", ""type"": ""ayah"", ""ar"": ""فَأَسْرِ بِعِبَادِي لَيْلًا إِنَّكُم مُّتَّبَعُونَ"", ""clean"": """", ""en"": """"}, {""id"": ""044024"", ""type"": ""ayah"", ""ar"": ""وَاتْرُكِ الْبَحْرَ رَهْوًا ۖ إِنَّهُمْ جُندٌ مُّغْرَقُونَ"", ""clean"": """", ""en"": """"}, {""id"": ""044025"", ""type"": ""ayah"", ""ar"": ""كَمْ تَرَكُوا مِن جَنَّاتٍ وَعُيُونٍ"", ""clean"": """", ""en"": """"}, {""id"": ""044026"", ""type"": ""ayah"", ""ar"": ""وَزُرُوعٍ وَمَقَامٍ كَرِيمٍ"", ""clean"": """", ""en"": """"}, {""id"": ""044027"", ""type"": ""ayah"", ""ar"": ""وَنَعْمَةٍ كَانُوا فِيهَا فَاكِهِينَ"", ""clean"": """", ""en"": """"}, {""id"": ""044028"", ""type"": ""ayah"", ""ar"": ""كَذَٰلِكَ ۖ وَأَوْرَثْنَاهَا قَوْمًا آخَرِينَ"", ""clean"": """", ""en"": """"}, {""id"": ""044029"", ""type"": ""ayah"", ""ar"": ""فَمَا بَكَتْ عَلَيْهِمُ السَّمَاءُ وَالْأَرْضُ وَمَا كَانُوا مُنظَرِينَ"", ""clean"": """", ""en"": """"}]"
train-005,إن يوم الفصل ميقاتهم أجمعين يوم لا يغني مولى عن مولى شيئا ولا هم ينصرون إلا من رحم الله إنه هو العزيز الرحيم إن شجرة الزقوم,044040-044043,high,"[{""id"": ""044040"", ""transcript"": ""إن يوم الفصل ميقاتهم أجمعين""}, {""id"": ""044041"", ""transcript"": ""يوم لا يغني مولى عن مولى شيئا ولا هم ينصرون""}, {""id"": ""044042"", ""transcript"": ""إلا من رحم الله إنه هو العزيز الرحيم""}, {""id"": ""044043"", ""transcript"": ""إن شجرة الزقوم""}]","[{""id"": ""044040"", ""type"": ""ayah"", ""ar"": ""إِنَّ يَوْمَ الْفَصْلِ مِيقَاتُهُمْ أَجْمَعِينَ"", ""clean"": """", ""en"": """"}, {""id"": ""044041"", ""type"": ""ayah"", ""ar"": ""يَوْمَ لَا يُغْنِي مَوْلًى عَن مَّوْلًى شَيْئًا وَلَا هُمْ يُنصَرُونَ"", ""clean"": """", ""en"": """"}, {""id"": ""044042"", ""type"": ""ayah"", ""ar"": ""إِلَّا مَن رَّحِمَ اللَّهُ ۚ إِنَّهُ هُوَ الْعَزِيزُ الرَّحِيمُ"", ""clean"": """", ""en"": """"}, {""id"": ""044043"", ""type"": ""ayah"", ""ar"": ""إِنَّ شَجَرَتَ الزَّقُّومِ"", ""clean"": """", ""en"": """"}]"
train-006,أعوذ بالله من الشيطان الرجيم بسم الله الرحمن الرحيم القارعة ما القارعة وما أدراك ما القارعة,101001-101003,high,"[{""id"": ""101001"", ""transcript"": ""القارعة""}, {""id"": ""101002"", ""transcript"": ""ما القارعة""}, {""id"": ""101003"", ""transcript"": ""وما أدراك ما القارعة""}]","[{""id"": ""101001"", ""type"": ""ayah"", ""ar"": ""الْقَارِعَةُ"", ""clean"": """", ""en"": """"}, {""id"": ""101002"", ""type"": ""ayah"", ""ar"": ""مَا الْقَارِعَةُ"", ""clean"": """", ""en"": """"}, {""id"": ""101003"", ""type"": ""ayah"", ""ar"": ""وَمَا أَدْرَاكَ مَا الْقَارِعَةُ"", ""clean"": """", ""en"": """"}]"
train-007,أعوذ بالله من الشيطان الرجيم بسم الله الرحمن الرحيم والتين والزيتون وطور سينين وهذا البلد الأمين,095001-095003,high,"[{""id"": ""095001"", ""transcript"": ""والتين والزيتون""}, {""id"": ""095002"", ""transcript"": ""وطور سينين""}, {""id"": ""095003"", ""transcript"": ""وهذا البلد الأمين""}]","[{""id"": ""095001"", ""type"": ""ayah"", ""ar"": ""وَالتِّينِ وَالزَّيْتُونِ"", ""clean"": """", ""en"": """"}, {""id"": ""095002"", ""type"": ""ayah"", ""ar"": ""وَطُورِ سِينِينَ"", ""clean"": """", ""en"": """"}, {""id"": ""095003"", ""type"": ""ayah"", ""ar"": ""وَهَـٰذَا الْبَلَدِ الْأَمِينِ"", ""clean"": """", ""en"": """"}]"
train-008,والتين والزيتون وطور سينين وهذا البلد الأمين لقد خلقنا الإنسان في أحسن تقويم ثم رددناه أسفل سافلين إلا الذين آمنوا وعملوا الصالحات فلهم أجر غير ممنون فما يكذبك بعد بالدين أليس الله بأحكم الحاكمين,095001-095007,high,"[{""id"": ""095001"", ""transcript"": ""والتين والزيتون""}, {""id"": ""095002"", ""transcript"": ""وطور سينين""}, {""id"": ""095003"", ""transcript"": ""وهذا البلد الأمين""}, {""id"": ""095004"", ""transcript"": ""لقد خلقنا الإنسان في أحسن تقويم""}, {""id"": ""095005"", ""transcript"": ""ثم رددناه أسفل سافلين""}, {""id"": ""095006"", ""transcript"": ""إلا الذين آمنوا وعملوا الصالحات فلهم أجر غير ممنون""}, {""id"": ""095007"", ""transcript"": ""فما يكذبك بعد بالدين""}]","[{""id"": ""095001"", ""type"": ""ayah"", ""ar"": ""وَالتِّينِ وَالزَّيْتُونِ"", ""clean"": """", ""en"": """"}, {""id"": ""095002"", ""type"": ""ayah"", ""ar"": ""وَطُورِ سِينِينَ"", ""clean"": """", ""en"": """"}, {""id"": ""095003"", ""type"": ""ayah"", ""ar"": ""وَهَـٰذَا الْبَلَدِ الْأَمِينِ"", ""clean"": """", ""en"": """"}, {""id"": ""095004"", ""type"": ""ayah"", ""ar"": ""لَقَدْ خَلَقْنَا الْإِنسَانَ فِي أَحْسَنِ تَقْوِيمٍ"", ""clean"": """", ""en"": """"}, {""id"": ""095005"", ""type"": ""ayah"", ""ar"": ""ثُمَّ رَدَدْنَاهُ أَسْفَلَ سَافِلِينَ"", ""clean"": """", ""en"": """"}, {""id"": ""095006"", ""type"": ""ayah"", ""ar"": ""إِلَّا الَّذِينَ آمَنُوا وَعَمِلُوا الصَّالِحَاتِ فَلَهُمْ أَجْرٌ غَيْرُ مَمْنُونٍ"", ""clean"": """", ""en"": """"}, {""id"": ""095007"", ""type"": ""ayah"", ""ar"": ""فَمَا يُكَذِّبُكَ بَعْدُ بِالدِّينِ"", ""clean"": """", ""en"": """"}]"
train-009,والتين والزيتون وطور سينين وهذا البلد الأمين لقد خلقنا الإنسان في أحسن تقويم ثم رددناه أسفل سافلين إلا الذين آمنوا وعملوا الصالحات فلهم أجر غير ممنون فما يكذبك بعد بالدين أليس الله بأحكم الحاكمين,095001-095008,high,"[{""id"": ""095001"", ""transcript"": ""والتين والزيتون""}, {""id"": ""095002"", ""transcript"": ""وطور سينين""}, {""id"": ""095003"", ""transcript"": ""وهذا البلد الأمين""}, {""id"": ""095004"", ""transcript"": ""لقد خلقنا الإنسان في أحسن تقويم""}, {""id"": ""095005"", ""transcript"": ""ثم رددناه أسفل سافلين""}, {""id"": ""095006"", ""transcript"": ""إلا الذين آمنوا وعملوا الصالحات فلهم أجر غير ممنون""}, {""id"": ""095007"", ""transcript"": ""فما يكذبك بعد بالدين""}, {""id"": ""095008"", ""transcript"": ""أليس الله بأحكم الحاكمين""}]","[{""id"": ""095001"", ""type"": ""ayah"", ""ar"": ""وَالتِّينِ وَالزَّيْتُونِ"", ""clean"": """", ""en"": """"}, {""id"": ""095002"", ""type"": ""ayah"", ""ar"": ""وَطُورِ سِينِينَ"", ""clean"": """", ""en"": """"}, {""id"": ""095003"", ""type"": ""ayah"", ""ar"": ""وَهَـٰذَا الْبَلَدِ الْأَمِينِ"", ""clean"": """", ""en"": """"}, {""id"": ""095004"", ""type"": ""ayah"", ""ar"": ""لَقَدْ خَلَقْنَا الْإِنسَانَ فِي أَحْسَنِ تَقْوِيمٍ"", ""clean"": """", ""en"": """"}, {""id"": ""095005"", ""type"": ""ayah"", ""ar"": ""ثُمَّ رَدَدْنَاهُ أَسْفَلَ سَافِلِينَ"", ""clean"": """", ""en"": """"}, {""id"": ""095006"", ""type"": ""ayah"", ""ar"": ""إِلَّا الَّذِينَ آمَنُوا وَعَمِلُوا الصَّالِحَاتِ فَلَهُمْ أَجْرٌ غَيْرُ مَمْنُونٍ"", ""clean"": """", ""en"": """"}, {""id"": ""095007"", ""type"": ""ayah"", ""ar"": ""فَمَا يُكَذِّبُكَ بَعْدُ بِالدِّينِ"", ""clean"": """", ""en"": """"}, {""id"": ""095008"", ""type"": ""ayah"", ""ar"": ""أَلَيْسَ اللَّهُ بِأَحْكَمِ الْحَاكِمِينَ"", ""clean"": """", ""en"": """"}]"
train-010,لا أعبد ما تعبدون,109002,high,"[{""id"": ""109002"", ""transcript"": ""لا أعبد ما تعبدون""}]","[{""id"": ""109002"", ""type"": ""ayah"", ""ar"": ""لَا أَعْبُدُ مَا تَعْبُدُونَ"", ""clean"": """", ""en"": ""Laa aعbudu maa taعbudoon.""}]"
train-013,صراط الذين أنعمت عليهم,001007,high,"[{""id"": ""001007"", ""transcript"": ""صراط الذين أنعمت عليهم""}]","[{""id"": ""001007"", ""type"": ""ayah"", ""ar"": ""صِرَاطَ الَّذِينَ أَنْعَمْتَ عَلَيْهِمْ غَيْرِ الْمَغْضُوبِ عَلَيْهِمْ وَلَا الضَّالِّينَ"", ""clean"": """", ""en"": ""Ṣiraatal-ladheena anعamta عalaihim, ghairil-magh-ḍoobi عalaihim wa laḍ-ḍaaaalleen.""}]"
train-014,وإذ قلنا ادخلوا هذه القرية فكلوا منها حيث شئتم رغدا وادخلوا الباب سجدا وقولوا حطة نغفر لكم خطاياكم وازيد المحسنين فبدل الذين ظلموا قولا غير الذي قيل لهم فأنزلنا على الذين ظلموا رجزا من السماء بما كانوا يفسقون وإذ استسقى موسى لقومه فقلنا اضرب بعصاك الحجر فانفجرت منه اثنتا عشرة عينا قد علم كل أناس مشربهم كلوا واشربوا من رزق الله ولا تعثوا في الأرض مفسدين وإذ قلتم يا موسى لن نصبر على طعام واحد فادع لنا ربك يخرج لنا مما تنبت الأرض من بقلها وقثائها وفومها وعدسها وبصلها قال أتستبدلون الذي هو أدنى بالذي هو خير اهبطوا مصرا فإن لكم ما سألتم وضربت عليهم الذلة والمسكنة وباءوا بغضب من الله ذلك بأنهم كانوا يكفرون بآيات الله ويقتلون النبيين بغير الحق ذلك بما عصوا وكانوا يعتدون,002058-002061,high,"[{""id"": ""002058"", ""transcript"": ""وإذ قلنا ادخلوا هذه القرية فكلوا منها حيث شئتم رغدا وادخلوا الباب سجدا وقولوا حطة نغفر لكم خطاياكم وازيد المحسنين""}, {""id"": ""002059"", ""transcript"": ""فبدل الذين ظلموا قولا غير الذي قيل لهم فأنزلنا على الذين ظلموا رجزا من السماء بما كانوا يفسقون""}, {""id"": ""002060"", ""transcript"": ""وإذ استسقى موسى لقومه فقلنا اضرب بعصاك الحجر فانفجرت منه اثنتا عشرة عينا قد علم كل أناس مشربهم كلوا واشربوا من رزق الله ولا تعثوا في الأرض مفسدين""}, {""id"": ""002061"", ""transcript"": ""وإذ قلتم يا موسى لن نصبر على طعام واحد فادع لنا ربك يخرج لنا مما تنبت الأرض من بقلها وقثائها وفومها وعدسها وبصلها قال أتستبدلون الذي هو أدنى بالذي هو خير اهبطوا مصرا فإن لكم ما سألتم وضربت عليهم الذلة والمسكنة وباءوا بغضب من الله ذلك بأنهم كانوا يكفرون بآيات الله ويقتلون النبيين بغير الحق ذلك بما عصوا وكانوا يعتدون""}]","[{""id"": ""002058"", ""type"": ""ayah"", ""ar"": ""وَإِذْ قُلْنَا ادْخُلُوا هَـٰذِهِ الْقَرْيَةَ فَكُلُوا مِنْهَا حَيْثُ شِئْتُمْ رَغَدًا وَادْخُلُوا الْبَابَ سُجَّدًا وَقُولُوا حِطَّةٌ نَّغْفِرْ لَكُمْ خَطَايَاكُمْ ۚ وَسَنَزِيدُ الْمُحْسِنِينَ"", ""clean"": """", ""en"": """"}, {""id"": ""002059"", ""type"": ""ayah"", ""ar"": ""فَبَدَّلَ الَّذِينَ ظَلَمُوا قَوْلًا غَيْرَ الَّذِي قِيلَ لَهُمْ فَأَنزَلْنَا عَلَى الَّذِينَ ظَلَمُوا رِجْزًا مِّنَ السَّمَاءِ بِمَا كَانُوا يَفْسُقُونَ"", ""clean"": """", ""en"": """"}, {""id"": ""002060"", ""type"": ""ayah"", ""ar"": ""۞ وَإِذِ اسْتَسْقَىٰ مُوسَىٰ لِقَوْمِهِ فَقُلْنَا اضْرِب بِّعَصَاكَ الْحَجَرَ ۖ فَانفَجَرَتْ مِنْهُ اثْنَتَا عَشْرَةَ عَيْنًا ۖ قَدْ عَلِمَ كُلُّ أُنَاسٍ مَّشْرَبَهُمْ ۖ كُلُوا وَاشْرَبُوا مِن رِّزْقِ اللَّهِ وَلَا تَعْثَوْا فِي الْأَرْضِ مُفْسِدِينَ"", ""clean"": """", ""en"": """"}, {""id"": ""002061"", ""type"": ""ayah"", ""ar"": ""وَإِذْ قُلْتُمْ يَا مُوسَىٰ لَن نَّصْبِرَ عَلَىٰ طَعَامٍ وَاحِدٍ فَادْعُ لَنَا رَبَّكَ يُخْرِجْ لَنَا مِمَّا تُنبِتُ الْأَرْضُ مِن بَقْلِهَا وَقِثَّائِهَا وَفُومِهَا وَعَدَسِهَا وَبَصَلِهَا ۖ قَالَ أَتَسْتَبْدِلُونَ الَّذِي هُوَ أَدْنَىٰ بِالَّذِي هُوَ خَيْرٌ ۚ اهْبِطُوا مِصْرًا فَإِنَّ لَكُم مَّا سَأَلْتُمْ ۗ وَضُرِبَتْ عَلَيْهِمُ الذِّلَّةُ وَالْمَسْكَنَةُ وَبَاءُوا بِغَضَبٍ مِّنَ اللَّهِ ۗ ذَٰلِكَ بِأَنَّهُمْ كَانُوا يَكْفُرُونَ بِآيَاتِ اللَّهِ وَيَقْتُلُونَ النَّبِيِّينَ بِغَيْرِ الْحَقِّ ۗ ذَٰلِكَ بِمَا عَصَوا وَّكَانُوا يَعْتَدُونَ"", ""clean"": """", ""en"": """"}]"
train-015,الحمد لله رب العالمين,001002,high,"[{""id"": ""001002"", ""transcript"": ""الحمد لله رب العالمين""}]","[{""id"": ""001002"", ""type"": ""ayah"", ""ar"": ""الْحَمْدُ لِلَّهِ رَبِّ الْعَالَمِينَ"", ""clean"": """", ""en"": ""Alĥamdu lillaahi rabbil-عaalameen!""}]"
